segment_id,video_id,source_id,source_start_s,source_end_s,duration_s,n_frames,fps,width,height,n_kickouts,merged_windows,src_width,src_height
1,data_2_seg01,data_2,0.0,114.0,114.0,2850,25,1280,720,5,5,854,478
2,data_2_seg02,data_2,164.0,199.0,35.0,875,25,1280,720,1,1,854,478
3,data_2_seg03,data_2,215.0,250.0,35.0,875,25,1280,720,1,1,854,478
4,data_2_seg04,data_2,252.0,287.0,35.0,875,25,1280,720,1,1,854,478
5,data_2_seg05,data_2,304.0,339.0,35.0,875,25,1280,720,1,1,854,478
6,data_2_seg06,data_2,339.0,396.0,57.0,1425,25,1280,720,2,2,854,478
7,data_2_seg07,data_2,438.0,495.0,57.0,1425,25,1280,720,2,2,854,478
8,data_2_seg08,data_2,508.0,573.0,65.0,1625,25,1280,720,2,2,854,478
9,data_2_seg09,data_2,584.0,682.0,98.0,2450,25,1280,720,3,3,854,478
10,data_2_seg10,data_2,692.0,727.0,35.0,875,25,1280,720,1,1,854,478
