block_id,split,frame_idx,t_s,n_boxes,small_frac,is_keyframe
blk_01,train,10500,420.0,15,0.6,1
blk_01,train,10505,420.2,15,0.6,1
blk_01,train,10510,420.4,14,0.5,1
blk_01,train,10515,420.6,12,0.3333333333333333,1
blk_01,train,10520,420.8,13,0.3076923076923077,1
blk_01,train,10525,421.0,9,0.1111111111111111,1
blk_01,train,10530,421.2,10,0.3,1
blk_01,train,10535,421.4,11,0.2727272727272727,1
blk_01,train,10540,421.6,13,0.23076923076923078,1
blk_01,train,10545,421.8,11,0.09090909090909091,1
blk_01,train,10550,422.0,11,0.09090909090909091,1
blk_01,train,10555,422.2,13,0.23076923076923078,1
blk_01,train,10560,422.4,11,0.09090909090909091,1
blk_01,train,10565,422.6,10,0.0,1
blk_01,train,10570,422.8,10,0.0,1
blk_01,train,10575,423.0,10,0.0,1
blk_01,train,10580,423.2,10,0.1,1
blk_01,train,10585,423.4,1,0.0,1
blk_01,train,10590,423.6,1,0.0,1
blk_01,train,10595,423.8,0,,1
blk_01,train,10600,424.0,0,,1
blk_01,train,10605,424.2,0,,1
blk_01,train,10610,424.4,1,0.0,1
blk_01,train,10615,424.6,0,,1
blk_01,train,10620,424.8,0,,1
blk_01,train,10625,425.0,0,,1
blk_01,train,10630,425.2,1,0.0,1
blk_01,train,10635,425.4,6,0.0,1
blk_01,train,10640,425.6,3,0.0,1
blk_01,train,10645,425.8,1,0.0,1
blk_01,train,10650,426.0,1,0.0,1
blk_01,train,10655,426.2,1,0.0,1
blk_01,train,10660,426.4,1,0.0,1
blk_01,train,10665,426.6,1,0.0,1
blk_01,train,10670,426.8,0,,1
blk_01,train,10675,427.0,4,0.0,1
blk_01,train,10680,427.2,0,,1
blk_01,train,10685,427.4,0,,1
blk_01,train,10690,427.6,1,0.0,1
blk_01,train,10695,427.8,2,0.0,1
blk_01,train,10700,428.0,1,0.0,1
blk_01,train,10705,428.2,2,0.0,1
blk_01,train,10710,428.4,5,0.0,1
blk_01,train,10715,428.6,4,0.0,1
blk_01,train,10720,428.8,2,0.0,1
blk_01,train,10725,429.0,5,0.0,1
blk_01,train,10730,429.2,6,0.0,1
blk_01,train,10735,429.4,6,0.0,1
blk_01,train,10740,429.6,4,0.0,1
blk_01,train,10745,429.8,6,0.0,1
blk_01,train,10750,430.0,6,0.0,1
blk_01,train,10755,430.2,6,0.0,1
blk_01,train,10760,430.4,5,0.0,1
blk_01,train,10765,430.6,4,0.0,1
blk_01,train,10770,430.8,4,0.0,1
blk_01,train,10775,431.0,4,0.0,1
blk_01,train,10780,431.2,3,0.0,1
blk_01,train,10785,431.4,18,0.7777777777777778,1
blk_01,train,10790,431.6,18,0.7777777777777778,1
blk_01,train,10795,431.8,19,0.9473684210526315,1
blk_01,train,10800,432.0,18,0.8333333333333334,1
blk_01,train,10805,432.2,18,0.8888888888888888,1
blk_01,train,10810,432.4,16,0.8125,1
blk_01,train,10815,432.6,18,0.8888888888888888,1
blk_01,train,10820,432.8,17,0.8235294117647058,1
blk_01,train,10825,433.0,18,0.8333333333333334,1
blk_01,train,10830,433.2,16,0.8125,1
blk_01,train,10835,433.4,20,0.8,1
blk_01,train,10840,433.6,18,0.7777777777777778,1
blk_01,train,10845,433.8,18,0.7222222222222222,1
blk_01,train,10850,434.0,16,0.75,1
blk_01,train,10855,434.2,17,0.7058823529411765,1
blk_01,train,10860,434.4,18,0.7222222222222222,1
blk_01,train,10865,434.6,18,0.6111111111111112,1
blk_01,train,10870,434.8,19,0.6842105263157895,1
blk_01,train,10875,435.0,20,0.7,1
blk_01,train,10880,435.2,20,0.65,1
blk_01,train,10885,435.4,17,0.6470588235294118,1
blk_01,train,10890,435.6,18,0.7222222222222222,1
blk_01,train,10895,435.8,19,0.631578947368421,1
blk_01,train,10900,436.0,16,0.5625,1
blk_01,train,10905,436.2,17,0.47058823529411764,1
blk_01,train,10910,436.4,20,0.6,1
blk_01,train,10915,436.6,19,0.47368421052631576,1
blk_01,train,10920,436.8,20,0.55,1
blk_01,train,10925,437.0,20,0.55,1
blk_01,train,10930,437.2,21,0.5238095238095238,1
blk_01,train,10935,437.4,19,0.47368421052631576,1
blk_01,train,10940,437.6,16,0.375,1
blk_01,train,10945,437.8,16,0.375,1
blk_01,train,10950,438.0,19,0.42105263157894735,1
blk_01,train,10955,438.2,18,0.3888888888888889,1
blk_01,train,10960,438.4,20,0.55,1
blk_01,train,10965,438.6,22,0.5454545454545454,1
blk_01,train,10970,438.8,16,0.3125,1
blk_01,train,10975,439.0,15,0.26666666666666666,1
blk_01,train,10980,439.2,14,0.5,1
blk_01,train,10985,439.4,12,0.16666666666666666,1
blk_01,train,10990,439.6,15,0.26666666666666666,1
blk_01,train,10995,439.8,14,0.35714285714285715,1
blk_01,train,11000,440.0,14,0.42857142857142855,1
blk_01,train,11005,440.2,12,0.16666666666666666,1
blk_01,train,11010,440.4,13,0.15384615384615385,1
blk_01,train,11015,440.6,15,0.3333333333333333,1
blk_01,train,11020,440.8,15,0.3333333333333333,1
blk_01,train,11025,441.0,13,0.3076923076923077,1
blk_01,train,11030,441.2,14,0.2857142857142857,1
blk_01,train,11035,441.4,15,0.2,1
blk_01,train,11040,441.6,15,0.3333333333333333,1
blk_01,train,11045,441.8,16,0.3125,1
blk_01,train,11050,442.0,16,0.375,1
blk_01,train,11055,442.2,14,0.2857142857142857,1
blk_01,train,11060,442.4,14,0.42857142857142855,1
blk_01,train,11065,442.6,15,0.4,1
blk_01,train,11070,442.8,12,0.25,1
blk_01,train,11075,443.0,10,0.3,1
blk_01,train,11080,443.2,11,0.2727272727272727,1
blk_01,train,11085,443.4,12,0.4166666666666667,1
blk_01,train,11090,443.6,3,0.0,1
blk_01,train,11095,443.8,3,0.0,1
blk_01,train,11100,444.0,4,0.0,1
blk_01,train,11105,444.2,3,0.0,1
blk_01,train,11110,444.4,3,0.0,1
blk_01,train,11115,444.6,3,0.0,1
blk_01,train,11120,444.8,4,0.0,1
blk_01,train,11125,445.0,5,0.0,1
blk_01,train,11130,445.2,6,0.0,1
blk_01,train,11135,445.4,4,0.0,1
blk_01,train,11140,445.6,4,0.0,1
blk_01,train,11145,445.8,4,0.0,1
blk_01,train,11150,446.0,4,0.0,1
blk_01,train,11155,446.2,4,0.0,1
blk_01,train,11160,446.4,4,0.0,1
blk_01,train,11165,446.6,3,0.0,1
blk_01,train,11170,446.8,3,0.0,1
blk_01,train,11175,447.0,3,0.0,1
blk_01,train,11180,447.2,3,0.0,1
blk_01,train,11185,447.4,3,0.0,1
blk_01,train,11190,447.6,3,0.0,1
blk_01,train,11195,447.8,3,0.0,1
blk_01,train,11200,448.0,3,0.0,1
blk_01,train,11205,448.2,3,0.0,1
blk_01,train,11210,448.4,3,0.0,1
blk_01,train,11215,448.6,3,0.3333333333333333,1
blk_01,train,11220,448.8,2,0.0,1
blk_01,train,11225,449.0,12,0.08333333333333333,1
blk_01,train,11230,449.2,13,0.07692307692307693,1
blk_01,train,11235,449.4,13,0.0,1
blk_01,train,11240,449.6,12,0.0,1
blk_01,train,11245,449.8,12,0.0,1
blk_01,train,11250,450.0,12,0.0,1
blk_01,train,11255,450.2,12,0.0,1
blk_01,train,11260,450.4,12,0.0,1
blk_01,train,11265,450.6,12,0.0,1
blk_01,train,11270,450.8,12,0.0,1
blk_01,train,11275,451.0,12,0.0,1
blk_01,train,11280,451.2,12,0.08333333333333333,1
blk_01,train,11285,451.4,12,0.0,1
blk_01,train,11290,451.6,13,0.0,1
blk_01,train,11295,451.8,14,0.14285714285714285,1
blk_01,train,11300,452.0,12,0.0,1
blk_01,train,11305,452.2,11,0.0,1
blk_01,train,11310,452.4,11,0.0,1
blk_01,train,11315,452.6,11,0.0,1
blk_01,train,11320,452.8,11,0.0,1
blk_01,train,11325,453.0,11,0.09090909090909091,1
blk_01,train,11330,453.2,11,0.0,1
blk_01,train,11335,453.4,11,0.0,1
blk_01,train,11340,453.6,11,0.09090909090909091,1
blk_01,train,11345,453.8,11,0.0,1
blk_01,train,11350,454.0,12,0.08333333333333333,1
blk_01,train,11355,454.2,13,0.07692307692307693,1
blk_01,train,11360,454.4,14,0.0,1
blk_01,train,11365,454.6,13,0.0,1
blk_01,train,11370,454.8,13,0.0,1
blk_01,train,11375,455.0,14,0.0,1
blk_01,train,11380,455.2,14,0.0,1
blk_01,train,11385,455.4,15,0.0,1
blk_01,train,11390,455.6,16,0.0,1
blk_01,train,11395,455.8,16,0.0,1
blk_01,train,11400,456.0,16,0.0,1
blk_01,train,11405,456.2,16,0.0,1
blk_01,train,11410,456.4,16,0.0,1
blk_01,train,11415,456.6,16,0.0,1
blk_01,train,11420,456.8,17,0.0,1
blk_01,train,11425,457.0,17,0.0,1
blk_01,train,11430,457.2,17,0.058823529411764705,1
blk_01,train,11435,457.4,16,0.125,1
blk_01,train,11440,457.6,12,0.16666666666666666,1
blk_01,train,11445,457.8,12,0.08333333333333333,1
blk_01,train,11450,458.0,11,0.0,1
blk_01,train,11455,458.2,12,0.08333333333333333,1
blk_01,train,11460,458.4,12,0.0,1
blk_01,train,11465,458.6,13,0.0,1
blk_01,train,11470,458.8,15,0.13333333333333333,1
blk_01,train,11475,459.0,14,0.07142857142857142,1
blk_01,train,11480,459.2,16,0.0625,1
blk_01,train,11485,459.4,17,0.0,1
blk_01,train,11490,459.6,17,0.0,1
blk_01,train,11495,459.8,17,0.058823529411764705,1
blk_01,train,11500,460.0,2,0.0,1
blk_01,train,11505,460.2,2,0.0,1
blk_01,train,11510,460.4,2,0.0,1
blk_01,train,11515,460.6,2,0.0,1
blk_01,train,11520,460.8,3,0.0,1
blk_01,train,11525,461.0,21,0.14285714285714285,1
blk_01,train,11530,461.2,20,0.15,1
blk_01,train,11535,461.4,21,0.14285714285714285,1
blk_01,train,11540,461.6,20,0.15,1
blk_01,train,11545,461.8,19,0.10526315789473684,1
blk_01,train,11550,462.0,21,0.14285714285714285,1
blk_01,train,11555,462.2,22,0.09090909090909091,1
blk_01,train,11560,462.4,25,0.12,1
blk_01,train,11565,462.6,23,0.17391304347826086,1
blk_01,train,11570,462.8,22,0.13636363636363635,1
blk_01,train,11575,463.0,22,0.13636363636363635,1
blk_01,train,11580,463.2,22,0.18181818181818182,1
blk_01,train,11585,463.4,18,0.05555555555555555,1
blk_01,train,11590,463.6,20,0.1,1
blk_01,train,11595,463.8,19,0.05263157894736842,1
blk_01,train,11600,464.0,5,0.0,1
blk_01,train,11605,464.2,2,0.0,1
blk_01,train,11610,464.4,3,0.0,1
blk_01,train,11615,464.6,2,0.0,1
blk_01,train,11620,464.8,22,0.045454545454545456,1
blk_01,train,11625,465.0,22,0.13636363636363635,1
blk_01,train,11630,465.2,20,0.15,1
blk_01,train,11635,465.4,21,0.09523809523809523,1
blk_01,train,11640,465.6,18,0.0,1
blk_01,train,11645,465.8,20,0.0,1
blk_01,train,11650,466.0,19,0.0,1
blk_01,train,11655,466.2,19,0.0,1
blk_01,train,11660,466.4,19,0.0,1
blk_01,train,11665,466.6,19,0.0,1
blk_01,train,11670,466.8,22,0.0,1
blk_01,train,11675,467.0,24,0.041666666666666664,1
blk_01,train,11680,467.2,26,0.0,1
blk_01,train,11685,467.4,25,0.0,1
blk_01,train,11690,467.6,25,0.0,1
blk_01,train,11695,467.8,23,0.043478260869565216,1
blk_01,train,11700,468.0,23,0.043478260869565216,1
blk_01,train,11705,468.2,23,0.08695652173913043,1
blk_01,train,11710,468.4,22,0.045454545454545456,1
blk_01,train,11715,468.6,25,0.08,1
blk_01,train,11720,468.8,23,0.08695652173913043,1
blk_01,train,11725,469.0,23,0.043478260869565216,1
blk_01,train,11730,469.2,22,0.045454545454545456,1
blk_01,train,11735,469.4,22,0.0,1
blk_01,train,11740,469.6,13,0.0,1
blk_01,train,11745,469.8,12,0.0,1
blk_01,train,11750,470.0,8,0.0,1
blk_01,train,11755,470.2,5,0.0,1
blk_01,train,11760,470.4,4,0.0,1
blk_01,train,11765,470.6,6,0.0,1
blk_01,train,11770,470.8,5,0.0,1
blk_01,train,11775,471.0,3,0.0,1
blk_01,train,11780,471.2,5,0.0,1
blk_01,train,11785,471.4,2,0.0,1
blk_01,train,11790,471.6,3,0.0,1
blk_01,train,11795,471.8,7,0.0,1
blk_01,train,11800,472.0,5,0.0,1
blk_01,train,11805,472.2,2,0.0,1
blk_01,train,11810,472.4,3,0.0,1
blk_01,train,11815,472.6,2,0.0,1
blk_01,train,11820,472.8,5,0.0,1
blk_01,train,11825,473.0,5,0.0,1
blk_01,train,11830,473.2,9,0.0,1
blk_01,train,11835,473.4,6,0.0,1
blk_01,train,11840,473.6,5,0.0,1
blk_01,train,11845,473.8,4,0.0,1
blk_01,train,11850,474.0,7,0.0,1
blk_01,train,11855,474.2,7,0.0,1
blk_01,train,11860,474.4,8,0.0,1
blk_01,train,11865,474.6,9,0.0,1
blk_01,train,11870,474.8,12,0.0,1
blk_01,train,11875,475.0,9,0.0,1
blk_01,train,11880,475.2,9,0.0,1
blk_01,train,11885,475.4,11,0.0,1
blk_01,train,11890,475.6,3,0.0,1
blk_01,train,11895,475.8,3,0.0,1
blk_01,train,11900,476.0,3,0.0,1
blk_01,train,11905,476.2,2,0.0,1
blk_01,train,11910,476.4,2,0.0,1
blk_01,train,11915,476.6,2,0.0,1
blk_01,train,11920,476.8,2,0.0,1
blk_01,train,11925,477.0,3,0.0,1
blk_01,train,11930,477.2,2,0.0,1
blk_01,train,11935,477.4,2,0.0,1
blk_01,train,11940,477.6,2,0.0,1
blk_01,train,11945,477.8,2,0.0,1
blk_01,train,11950,478.0,2,0.0,1
blk_01,train,11955,478.2,2,0.0,1
blk_01,train,11960,478.4,2,0.0,1
blk_01,train,11965,478.6,2,0.0,1
blk_01,train,11970,478.8,2,0.0,1
blk_01,train,11975,479.0,2,0.0,1
blk_01,train,11980,479.2,2,0.0,1
blk_01,train,11985,479.4,1,0.0,1
blk_01,train,11990,479.6,14,0.0,1
blk_01,train,11995,479.8,10,0.0,1
blk_02,val,15000,600.0,13,0.07692307692307693,1
blk_02,val,15005,600.2,10,0.0,1
blk_02,val,15010,600.4,11,0.09090909090909091,1
blk_02,val,15015,600.6,13,0.07692307692307693,1
blk_02,val,15020,600.8,13,0.23076923076923078,1
blk_02,val,15025,601.0,14,0.2857142857142857,1
blk_02,val,15030,601.2,14,0.21428571428571427,1
blk_02,val,15035,601.4,14,0.2857142857142857,1
blk_02,val,15040,601.6,3,0.0,1
blk_02,val,15045,601.8,3,0.0,1
blk_02,val,15050,602.0,2,0.0,1
blk_02,val,15055,602.2,2,0.0,1
blk_02,val,15060,602.4,2,0.0,1
blk_02,val,15065,602.6,5,0.0,1
blk_02,val,15070,602.8,3,0.0,1
blk_02,val,15075,603.0,0,,1
blk_02,val,15080,603.2,4,0.0,1
blk_02,val,15085,603.4,4,0.0,1
blk_02,val,15090,603.6,5,0.0,1
blk_02,val,15095,603.8,7,0.0,1
blk_02,val,15100,604.0,9,0.0,1
blk_02,val,15105,604.2,3,0.0,1
blk_02,val,15110,604.4,5,0.0,1
blk_02,val,15115,604.6,4,0.0,1
blk_02,val,15120,604.8,4,0.0,1
blk_02,val,15125,605.0,5,0.0,1
blk_02,val,15130,605.2,4,0.0,1
blk_02,val,15135,605.4,3,0.0,1
blk_02,val,15140,605.6,5,0.0,1
blk_02,val,15145,605.8,14,0.0,1
blk_02,val,15150,606.0,14,0.0,1
blk_02,val,15155,606.2,20,0.0,1
blk_02,val,15160,606.4,11,0.0,1
blk_02,val,15165,606.6,25,0.88,1
blk_02,val,15170,606.8,26,0.8461538461538461,1
blk_02,val,15175,607.0,27,0.8148148148148148,1
blk_02,val,15180,607.2,29,0.8620689655172413,1
blk_02,val,15185,607.4,26,0.7692307692307693,1
blk_02,val,15190,607.6,28,0.8928571428571429,1
blk_02,val,15195,607.8,26,0.8461538461538461,1
blk_02,val,15200,608.0,28,0.8571428571428571,1
blk_02,val,15205,608.2,30,0.8333333333333334,1
blk_02,val,15210,608.4,31,0.7741935483870968,1
blk_02,val,15215,608.6,29,0.8620689655172413,1
blk_02,val,15220,608.8,31,0.8709677419354839,1
blk_02,val,15225,609.0,29,0.8620689655172413,1
blk_02,val,15230,609.2,29,0.896551724137931,1
blk_02,val,15235,609.4,29,0.8620689655172413,1
blk_02,val,15240,609.6,26,0.8076923076923077,1
blk_02,val,15245,609.8,26,0.8076923076923077,1
blk_02,val,15250,610.0,25,0.8,1
blk_02,val,15255,610.2,26,0.8076923076923077,1
blk_02,val,15260,610.4,26,0.8076923076923077,1
blk_02,val,15265,610.6,22,0.7727272727272727,1
blk_02,val,15270,610.8,21,0.8095238095238095,1
blk_02,val,15275,611.0,15,0.7333333333333333,1
blk_02,val,15280,611.2,12,0.75,1
blk_02,val,15285,611.4,11,0.9090909090909091,1
blk_02,val,15290,611.6,17,0.8235294117647058,1
blk_02,val,15295,611.8,16,0.875,1
blk_02,val,15300,612.0,18,0.9444444444444444,1
blk_02,val,15305,612.2,20,0.95,1
blk_02,val,15310,612.4,23,0.9565217391304348,1
blk_02,val,15315,612.6,23,0.9565217391304348,1
blk_02,val,15320,612.8,23,0.8260869565217391,1
blk_02,val,15325,613.0,1,0.0,1
blk_02,val,15330,613.2,1,0.0,1
blk_02,val,15335,613.4,1,0.0,1
blk_02,val,15340,613.6,1,0.0,1
blk_02,val,15345,613.8,1,0.0,1
blk_02,val,15350,614.0,1,0.0,1
blk_02,val,15355,614.2,1,0.0,1
blk_02,val,15360,614.4,1,0.0,1
blk_02,val,15365,614.6,1,0.0,1
blk_02,val,15370,614.8,2,0.0,1
blk_02,val,15375,615.0,2,0.0,1
blk_02,val,15380,615.2,2,0.0,1
blk_02,val,15385,615.4,2,0.0,1
blk_02,val,15390,615.6,2,0.0,1
blk_02,val,15395,615.8,2,0.0,1
blk_02,val,15400,616.0,3,0.0,1
blk_02,val,15405,616.2,3,0.0,1
blk_02,val,15410,616.4,3,0.0,1
blk_02,val,15415,616.6,3,0.0,1
blk_02,val,15420,616.8,4,0.0,1
blk_02,val,15425,617.0,4,0.0,1
blk_02,val,15430,617.2,3,0.0,1
blk_02,val,15435,617.4,3,0.0,1
blk_02,val,15440,617.6,3,0.0,1
blk_02,val,15445,617.8,3,0.0,1
blk_02,val,15450,618.0,3,0.0,1
blk_02,val,15455,618.2,3,0.0,1
blk_02,val,15460,618.4,3,0.0,1
blk_02,val,15465,618.6,3,0.0,1
blk_02,val,15470,618.8,3,0.0,1
blk_02,val,15475,619.0,21,0.47619047619047616,1
blk_02,val,15480,619.2,20,0.45,1
blk_02,val,15485,619.4,20,0.45,1
blk_02,val,15490,619.6,21,0.5238095238095238,1
blk_02,val,15495,619.8,21,0.42857142857142855,1
blk_02,val,15500,620.0,21,0.3333333333333333,1
blk_02,val,15505,620.2,21,0.5238095238095238,1
blk_02,val,15510,620.4,22,0.45454545454545453,1
blk_02,val,15515,620.6,21,0.5238095238095238,1
blk_02,val,15520,620.8,23,0.5217391304347826,1
blk_02,val,15525,621.0,21,0.47619047619047616,1
blk_02,val,15530,621.2,22,0.5,1
blk_02,val,15535,621.4,23,0.5652173913043478,1
blk_02,val,15540,621.6,22,0.5454545454545454,1
blk_02,val,15545,621.8,23,0.5217391304347826,1
blk_02,val,15550,622.0,23,0.4782608695652174,1
blk_02,val,15555,622.2,19,0.42105263157894735,1
blk_02,val,15560,622.4,21,0.5238095238095238,1
blk_02,val,15565,622.6,19,0.47368421052631576,1
blk_02,val,15570,622.8,20,0.5,1
blk_02,val,15575,623.0,19,0.3684210526315789,1
blk_02,val,15580,623.2,19,0.47368421052631576,1
blk_02,val,15585,623.4,20,0.45,1
blk_02,val,15590,623.6,18,0.4444444444444444,1
blk_02,val,15595,623.8,20,0.55,1
blk_02,val,15600,624.0,18,0.6111111111111112,1
blk_02,val,15605,624.2,17,0.5294117647058824,1
blk_02,val,15610,624.4,14,0.42857142857142855,1
blk_02,val,15615,624.6,15,0.4666666666666667,1
blk_02,val,15620,624.8,1,0.0,1
blk_02,val,15625,625.0,1,0.0,1
blk_02,val,15630,625.2,1,0.0,1
blk_02,val,15635,625.4,2,0.0,1
blk_02,val,15640,625.6,2,0.0,1
blk_02,val,15645,625.8,2,0.0,1
blk_02,val,15650,626.0,9,0.1111111111111111,1
blk_02,val,15655,626.2,11,0.18181818181818182,1
blk_02,val,15660,626.4,9,0.1111111111111111,1
blk_02,val,15665,626.6,9,0.2222222222222222,1
blk_02,val,15670,626.8,9,0.0,1
blk_02,val,15675,627.0,9,0.1111111111111111,1
blk_02,val,15680,627.2,8,0.125,1
blk_02,val,15685,627.4,8,0.25,1
blk_02,val,15690,627.6,8,0.25,1
blk_02,val,15695,627.8,8,0.125,1
blk_02,val,15700,628.0,8,0.125,1
blk_02,val,15705,628.2,7,0.0,1
blk_02,val,15710,628.4,8,0.375,1
blk_02,val,15715,628.6,9,0.1111111111111111,1
blk_02,val,15720,628.8,9,0.2222222222222222,1
blk_02,val,15725,629.0,15,0.0,1
blk_02,val,15730,629.2,10,0.0,1
blk_02,val,15735,629.4,8,0.0,1
blk_02,val,15740,629.6,8,0.0,1
blk_02,val,15745,629.8,8,0.0,1
blk_02,val,15750,630.0,2,0.0,1
blk_02,val,15755,630.2,5,0.0,1
blk_02,val,15760,630.4,2,0.0,1
blk_02,val,15765,630.6,3,0.0,1
blk_02,val,15770,630.8,4,0.0,1
blk_02,val,15775,631.0,3,0.0,1
blk_02,val,15780,631.2,3,0.0,1
blk_02,val,15785,631.4,1,0.0,1
blk_02,val,15790,631.6,3,0.0,1
blk_02,val,15795,631.8,6,0.0,1
blk_02,val,15800,632.0,4,0.0,1
blk_02,val,15805,632.2,6,0.0,1
blk_02,val,15810,632.4,5,0.0,1
blk_02,val,15815,632.6,5,0.0,1
blk_02,val,15820,632.8,6,0.0,1
blk_02,val,15825,633.0,3,0.0,1
blk_02,val,15830,633.2,5,0.0,1
blk_02,val,15835,633.4,3,0.0,1
blk_02,val,15840,633.6,4,0.0,1
blk_02,val,15845,633.8,4,0.0,1
blk_02,val,15850,634.0,10,0.1,1
blk_02,val,15855,634.2,9,0.0,1
blk_02,val,15860,634.4,10,0.1,1
blk_02,val,15865,634.6,10,0.1,1
blk_02,val,15870,634.8,9,0.0,1
blk_02,val,15875,635.0,10,0.1,1
blk_02,val,15880,635.2,10,0.1,1
blk_02,val,15885,635.4,11,0.18181818181818182,1
blk_02,val,15890,635.6,10,0.1,1
blk_02,val,15895,635.8,11,0.09090909090909091,1
blk_02,val,15900,636.0,12,0.16666666666666666,1
blk_02,val,15905,636.2,13,0.07692307692307693,1
blk_02,val,15910,636.4,13,0.07692307692307693,1
blk_02,val,15915,636.6,13,0.0,1
blk_02,val,15920,636.8,14,0.14285714285714285,1
blk_02,val,15925,637.0,14,0.07142857142857142,1
blk_02,val,15930,637.2,14,0.07142857142857142,1
blk_02,val,15935,637.4,15,0.13333333333333333,1
blk_02,val,15940,637.6,2,0.0,1
blk_02,val,15945,637.8,2,0.0,1
blk_02,val,15950,638.0,2,0.0,1
blk_02,val,15955,638.2,2,0.0,1
blk_02,val,15960,638.4,2,0.0,1
blk_02,val,15965,638.6,2,0.0,1
blk_02,val,15970,638.8,3,0.0,1
blk_02,val,15975,639.0,3,0.0,1
blk_02,val,15980,639.2,2,0.0,1
blk_02,val,15985,639.4,3,0.0,1
blk_02,val,15990,639.6,2,0.0,1
blk_02,val,15995,639.8,3,0.0,1
blk_02,val,16000,640.0,2,0.0,1
blk_02,val,16005,640.2,2,0.0,1
blk_02,val,16010,640.4,2,0.0,1
blk_02,val,16015,640.6,2,0.0,1
blk_02,val,16020,640.8,2,0.0,1
blk_02,val,16025,641.0,2,0.0,1
blk_02,val,16030,641.2,2,0.0,1
blk_02,val,16035,641.4,2,0.0,1
blk_02,val,16040,641.6,2,0.0,1
blk_02,val,16045,641.8,2,0.0,1
blk_02,val,16050,642.0,2,0.0,1
blk_02,val,16055,642.2,3,0.0,1
blk_02,val,16060,642.4,3,0.0,1
blk_02,val,16065,642.6,3,0.0,1
blk_02,val,16070,642.8,3,0.0,1
blk_02,val,16075,643.0,3,0.0,1
blk_02,val,16080,643.2,2,0.0,1
blk_02,val,16085,643.4,2,0.0,1
blk_02,val,16090,643.6,1,0.0,1
blk_02,val,16095,643.8,1,0.0,1
blk_02,val,16100,644.0,1,0.0,1
blk_02,val,16105,644.2,1,0.0,1
blk_02,val,16110,644.4,1,0.0,1
blk_02,val,16115,644.6,2,0.0,1
blk_02,val,16120,644.8,2,0.0,1
blk_02,val,16125,645.0,2,0.0,1
blk_02,val,16130,645.2,2,0.0,1
blk_02,val,16135,645.4,18,0.0,1
blk_02,val,16140,645.6,20,0.05,1
blk_02,val,16145,645.8,17,0.0,1
blk_02,val,16150,646.0,19,0.0,1
blk_02,val,16155,646.2,19,0.05263157894736842,1
blk_02,val,16160,646.4,20,0.05,1
blk_02,val,16165,646.6,19,0.0,1
blk_02,val,16170,646.8,18,0.0,1
blk_02,val,16175,647.0,19,0.0,1
blk_02,val,16180,647.2,17,0.0,1
blk_02,val,16185,647.4,17,0.0,1
blk_02,val,16190,647.6,16,0.0,1
blk_02,val,16195,647.8,16,0.0625,1
blk_02,val,16200,648.0,12,0.0,1
blk_02,val,16205,648.2,9,0.0,1
blk_02,val,16210,648.4,10,0.0,1
blk_02,val,16215,648.6,7,0.14285714285714285,1
blk_02,val,16220,648.8,6,0.0,1
blk_02,val,16225,649.0,5,0.0,1
blk_02,val,16230,649.2,5,0.0,1
blk_02,val,16235,649.4,5,0.0,1
blk_02,val,16240,649.6,6,0.0,1
blk_02,val,16245,649.8,5,0.0,1
blk_02,val,16250,650.0,5,0.0,1
blk_02,val,16255,650.2,4,0.0,1
blk_02,val,16260,650.4,5,0.0,1
blk_02,val,16265,650.6,6,0.0,1
blk_02,val,16270,650.8,3,0.0,1
blk_02,val,16275,651.0,5,0.0,1
blk_02,val,16280,651.2,4,0.0,1
blk_02,val,16285,651.4,2,0.0,1
blk_02,val,16290,651.6,1,0.0,1
blk_02,val,16295,651.8,3,0.0,1
blk_02,val,16300,652.0,5,0.0,1
blk_02,val,16305,652.2,3,0.0,1
blk_02,val,16310,652.4,1,0.0,1
blk_02,val,16315,652.6,4,0.0,1
blk_02,val,16320,652.8,1,0.0,1
blk_02,val,16325,653.0,1,0.0,1
blk_02,val,16330,653.2,1,0.0,1
blk_02,val,16335,653.4,4,0.0,1
blk_02,val,16340,653.6,2,0.0,1
blk_02,val,16345,653.8,3,0.0,1
blk_02,val,16350,654.0,2,0.0,1
blk_02,val,16355,654.2,1,0.0,1
blk_02,val,16360,654.4,3,0.0,1
blk_02,val,16365,654.6,1,0.0,1
blk_02,val,16370,654.8,3,0.0,1
blk_02,val,16375,655.0,2,0.0,1
blk_02,val,16380,655.2,5,0.0,1
blk_02,val,16385,655.4,3,0.0,1
blk_02,val,16390,655.6,2,0.0,1
blk_02,val,16395,655.8,0,,1
blk_02,val,16400,656.0,0,,1
blk_02,val,16405,656.2,0,,1
blk_02,val,16410,656.4,0,,1
blk_02,val,16415,656.6,3,0.0,1
blk_02,val,16420,656.8,4,0.0,1
blk_02,val,16425,657.0,4,0.0,1
blk_02,val,16430,657.2,26,0.6923076923076923,1
blk_02,val,16435,657.4,27,0.7407407407407407,1
blk_02,val,16440,657.6,28,0.75,1
blk_02,val,16445,657.8,29,0.7931034482758621,1
blk_02,val,16450,658.0,28,0.75,1
blk_02,val,16455,658.2,30,0.7,1
blk_02,val,16460,658.4,29,0.6896551724137931,1
blk_02,val,16465,658.6,27,0.7407407407407407,1
blk_02,val,16470,658.8,27,0.6296296296296297,1
blk_02,val,16475,659.0,27,0.7407407407407407,1
blk_02,val,16480,659.2,27,0.6296296296296297,1
blk_02,val,16485,659.4,28,0.5714285714285714,1
blk_02,val,16490,659.6,25,0.68,1
blk_02,val,16495,659.8,27,0.6296296296296297,1
