event_id,t_start_s,t_end_s,t_peak_s,duration_s,confidence,n_players_in_contest,detector_mode
pred_001,0.0,2.96,2.0,2.96,0.11486463905429575,15,rule
pred_002,31.68,34.64,32.36,2.960000000000001,0.42155541501015725,18,rule
pred_003,40.32,43.28,40.32,2.960000000000001,0.3149166434912784,17,rule
pred_004,57.6,60.56,59.4,2.960000000000001,0.22722841373276453,26,rule
pred_005,68.16,71.12,69.16,2.960000000000008,0.2766888385899311,26,rule
pred_006,77.76,80.72,80.28,2.9599999999999937,0.2431801027434082,33,rule
pred_007,86.88,89.84,88.52,2.960000000000008,0.17673655962706764,6,rule
pred_008,101.76,104.72,101.88,2.9599999999999937,0.25047549933209984,23,rule
pred_009,107.52,110.48,109.32,2.960000000000008,0.4588727172883664,24,rule
pred_010,118.08,121.04,118.68,2.960000000000008,0.20433574264864832,12,rule
pred_011,123.36,126.32,125.64,2.9599999999999937,0.35359915751792065,16,rule
pred_012,131.52,134.48,133.8,2.9599999999999795,0.35830489793721343,17,rule
pred_013,151.68,154.64,152.28,2.9599999999999795,0.1790693756781883,19,rule
pred_014,160.8,163.76,162.16,2.9599999999999795,0.18960079871651625,11,rule
pred_015,168.0,170.96,168.64,2.960000000000008,0.3249589773358635,22,rule
pred_016,178.56,181.52,178.8,2.960000000000008,0.33325188375927495,17,rule
pred_017,182.4,185.36,185.04,2.960000000000008,0.12045126842605682,16,rule
pred_018,190.56,193.52,193.52,2.960000000000008,0.34434798955618295,31,rule
pred_019,198.72,201.68,200.12,2.960000000000008,0.2913000043738142,7,rule
pred_020,217.92,220.88,218.56,2.960000000000008,0.3680653225893836,22,rule
pred_021,222.24,225.2,225.16,2.9599999999999795,0.18933333333333335,11,rule
pred_022,230.4,233.36,231.8,2.960000000000008,0.33143490689961785,23,rule
pred_023,239.04,242.0,240.04,2.960000000000008,0.2400114569504581,25,rule
pred_024,250.08,253.04,251.72,2.9599999999999795,0.1416503292297511,27,rule
pred_025,256.8,259.76,258.96,2.9599999999999795,0.3829707467649507,26,rule
pred_026,262.56,265.52,265.04,2.9599999999999795,0.26884725031284573,25,rule
pred_027,276.0,278.96,277.88,2.9599999999999795,0.3275295602132148,20,rule
pred_028,296.64,299.6,298.48,2.9600000000000364,0.2295134145875919,11,rule
pred_029,303.36,306.32,306.28,2.9599999999999795,0.3873248535658982,15,rule
pred_030,315.36,318.32,318.28,2.9599999999999795,0.34532790480512254,14,rule
pred_031,324.0,326.96,326.96,2.9599999999999795,0.13395643746433736,19,rule
pred_032,341.28,344.24,342.96,2.9600000000000364,0.14586924666503537,19,rule
pred_033,349.44,352.4,350.68,2.9599999999999795,0.3091292587463015,17,rule
pred_034,359.04,362.0,359.56,2.9599999999999795,0.257610632887188,6,rule
pred_035,367.2,370.16,370.16,2.9600000000000364,0.23080929428573388,20,rule
pred_036,373.44,376.4,376.16,2.9599999999999795,0.33978679307862336,12,rule
pred_037,382.56,385.52,382.8,2.9599999999999795,0.26653797479680463,25,rule
pred_038,389.76,392.72,390.64,2.9600000000000364,0.3003378649550107,5,rule
pred_039,400.8,403.76,402.2,2.9599999999999795,0.2802534984353024,7,rule
pred_040,407.52,410.48,409.88,2.9600000000000364,0.15537944485077282,20,rule
pred_041,417.12,420.08,417.84,2.9599999999999795,0.36507092027161303,19,rule
pred_042,427.68,430.64,430.64,2.9599999999999795,0.1820826808114411,6,rule
pred_043,438.24,441.2,438.76,2.9599999999999795,0.12638620285877233,15,rule
pred_044,447.36,450.32,447.92,2.9599999999999795,0.13531945999005485,12,rule
pred_045,452.16,455.12,454.44,2.9599999999999795,0.21588614126428451,14,rule
pred_046,463.2,466.16,464.44,2.9600000000000364,0.35673191406951654,19,rule
pred_047,468.48,471.44,470.88,2.9599999999999795,0.157893114282582,24,rule
pred_048,478.08,481.04,480.56,2.9600000000000364,0.15989058213596785,8,rule
pred_049,489.12,492.08,491.24,2.9599999999999795,0.33137346051829253,20,rule
pred_050,495.36,498.32,498.32,2.9599999999999795,0.3325645214299734,18,rule
pred_051,506.4,509.36,507.48,2.9600000000000364,0.20756023713332786,7,rule
pred_052,512.64,515.6,515.56,2.9600000000000364,0.2868938579664588,18,rule
pred_053,527.52,530.48,528.32,2.9600000000000364,0.38627499788664454,20,rule
pred_054,534.72,537.68,534.72,2.9599999999999227,0.19026182562337668,16,rule
pred_055,540.0,542.96,540.96,2.9600000000000364,0.2739439722363289,17,rule
pred_056,550.56,553.52,552.88,2.9600000000000364,0.4240940273682006,19,rule
pred_057,559.2,562.16,561.24,2.9599999999999227,0.16955423401382386,8,rule
pred_058,570.24,573.2,570.64,2.9600000000000364,0.13130518812064798,5,rule
pred_059,584.64,587.6,586.36,2.9600000000000364,0.35280465437617226,22,rule
pred_060,598.56,601.52,598.96,2.9600000000000364,0.25323944846331026,13,rule
pred_061,611.52,614.48,613.96,2.9600000000000364,0.36280672735152547,22,rule
pred_062,624.96,627.92,625.84,2.9599999999999227,0.26281144102058823,8,rule
pred_063,632.64,635.6,633.24,2.9600000000000364,0.23367071543618484,11,rule
pred_064,648.48,651.44,649.48,2.9600000000000364,0.4690405293283976,6,rule
pred_065,655.68,658.64,655.68,2.9600000000000364,0.19475288686939307,29,rule
pred_066,668.64,671.6,669.68,2.9600000000000364,0.3613657701667033,23,rule
pred_067,673.44,676.4,676.4,2.9599999999999227,0.21797650700190288,24,rule
pred_068,694.08,697.04,696.88,2.9599999999999227,0.1989172484786765,26,rule
pred_069,709.92,712.88,710.6,2.9600000000000364,0.09861860064980621,23,rule
pred_070,716.16,719.12,718.24,2.9600000000000364,0.2957763863881554,14,rule
