start_s,end_s,dur_s,median_diff,ratio_to_global,dup_frac,status,reason
16.52,20.48,3.96,0.00262,0.064,0.677,CANDIDATE — needs human confirmation,sustained low motion + high near-duplicate fraction
95.28,99.68,4.4,0.00303,0.074,0.573,CANDIDATE — needs human confirmation,sustained low motion + high near-duplicate fraction
130.08,132.76,2.68,0.01026,0.25,0.254,CANDIDATE — needs human confirmation,sustained low motion + high near-duplicate fraction
189.92,192.44,2.52,0.00644,0.157,0.317,CANDIDATE — needs human confirmation,sustained low motion + high near-duplicate fraction
215.72,218.36,2.64,0.00458,0.111,0.485,CANDIDATE — needs human confirmation,sustained low motion + high near-duplicate fraction
407.76,416.2,8.44,0.00221,0.054,0.687,CANDIDATE — needs human confirmation,sustained low motion + high near-duplicate fraction
486.52,496.92,10.4,0.00738,0.179,0.354,CANDIDATE — needs human confirmation,sustained low motion + high near-duplicate fraction
528.76,531.6,2.84,0.00665,0.162,0.31,CANDIDATE — needs human confirmation,sustained low motion + high near-duplicate fraction
594.28,597.12,2.84,0.00589,0.143,0.408,CANDIDATE — needs human confirmation,sustained low motion + high near-duplicate fraction
669.96,673.48,3.52,0.00457,0.111,0.466,CANDIDATE — needs human confirmation,sustained low motion + high near-duplicate fraction
